date,temperature_2m_max,precipitation_sum,windspeed_10m_max
2022-01-01,36.7,0.2,21.9
2022-01-02,30.0,0.0,26.3
2022-01-03,20.6,0.2,26.6
2022-01-04,23.8,0.3,20.1
2022-01-05,28.5,15.6,21.3
2022-01-06,30.0,14.2,17.7
2022-01-07,25.9,4.5,17.6
2022-01-08,19.6,3.6,20.1
2022-01-09,22.0,0.0,20.3
2022-01-10,28.8,0.0,17.0
2022-01-11,28.5,0.0,26.0
2022-01-12,29.8,0.0,24.8
2022-01-13,34.0,0.5,12.2
2022-01-14,31.1,6.6,26.6
2022-01-15,22.6,3.2,20.0
2022-01-16,28.9,0.1,13.8
2022-01-17,23.5,0.2,23.8
2022-01-18,21.2,0.1,25.9
2022-01-19,26.6,0.0,30.4
2022-01-20,28.9,0.0,19.5
2022-01-21,31.0,0.0,22.4
2022-01-22,33.0,0.0,25.5
2022-01-23,33.5,0.0,21.5
2022-01-24,34.0,0.0,21.6
2022-01-25,32.8,0.0,19.6
2022-01-26,36.2,0.0,16.2
2022-01-27,32.5,1.1,30.1
2022-01-28,29.5,24.8,28.9
2022-01-29,22.0,36.4,22.6
2022-01-30,27.1,0.5,13.8
2022-01-31,32.7,0.0,14.1
2022-02-01,23.9,0.2,29.6
2022-02-02,18.7,0.9,26.3
2022-02-03,18.1,4.6,32.7
2022-02-04,23.4,0.0,19.8
2022-02-05,25.7,0.0,16.4
2022-02-06,27.4,0.0,19.1
2022-02-07,28.4,0.0,18.6
2022-02-08,30.0,0.0,15.0
2022-02-09,30.5,1.9,28.5
2022-02-10,23.4,0.2,27.5
2022-02-11,21.9,0.1,26.3
2022-02-12,28.8,0.0,26.7
2022-02-13,32.8,0.0,33.0
2022-02-14,32.4,0.0,25.6
2022-02-15,23.6,0.0,18.2
2022-02-16,25.1,0.1,15.1
2022-02-17,23.9,3.0,18.0
2022-02-18,20.9,0.4,27.3
2022-02-19,22.5,0.0,16.8
2022-02-20,25.4,0.0,24.5
2022-02-21,20.0,0.3,20.5
2022-02-22,24.0,0.0,15.5
2022-02-23,32.4,0.0,22.9
2022-02-24,23.8,15.9,20.6
2022-02-25,22.1,0.5,25.0
2022-02-26,28.9,0.1,22.3
2022-02-27,25.8,0.0,16.7
2022-02-28,24.8,0.4,15.6
2022-03-01,25.7,5.2,12.9
2022-03-02,28.5,1.3,14.8
2022-03-03,30.1,0.0,17.6
2022-03-04,32.7,5.9,15.3
2022-03-05,20.8,29.7,26.4
2022-03-06,20.6,4.7,27.1
2022-03-07,23.9,0.6,25.8
2022-03-08,20.5,1.3,28.6
2022-03-09,21.8,0.0,30.3
2022-03-10,20.5,0.2,22.4
2022-03-11,20.1,1.1,14.8
2022-03-12,21.6,0.0,15.7
2022-03-13,28.8,0.4,20.5
2022-03-14,28.6,1.0,16.6
2022-03-15,27.5,3.2,19.0
2022-03-16,24.1,0.7,24.6
2022-03-17,28.7,0.7,18.1
2022-03-18,21.5,1.6,22.7
2022-03-19,29.6,0.0,15.0
2022-03-20,24.1,0.0,22.8
2022-03-21,28.5,0.0,21.2
2022-03-22,22.6,4.1,18.9
2022-03-23,19.4,0.3,22.9
2022-03-24,20.4,0.0,18.4
2022-03-25,20.5,0.7,16.2
2022-03-26,23.7,0.0,12.4
2022-03-27,28.4,0.0,18.8
2022-03-28,25.7,0.0,22.7
2022-03-29,21.6,0.1,19.7
2022-03-30,19.9,0.8,26.5
2022-03-31,20.9,0.2,28.4
2022-04-01,19.8,0.0,28.4
2022-04-02,18.2,0.1,23.8
2022-04-03,17.8,0.8,13.8
2022-04-04,18.3,0.3,15.4
2022-04-05,19.7,0.0,15.1
2022-04-06,22.5,0.0,14.3
2022-04-07,23.2,0.5,22.0
2022-04-08,24.5,0.0,14.8
2022-04-09,25.8,0.4,22.7
2022-04-10,26.8,0.0,27.5
2022-04-11,19.0,1.4,19.7
2022-04-12,18.0,0.0,18.9
2022-04-13,20.2,0.0,18.5
2022-04-14,24.6,0.0,18.4
2022-04-15,26.1,0.0,21.6
2022-04-16,28.1,0.0,19.5
2022-04-17,27.3,2.4,30.0
2022-04-18,17.9,37.2,17.2
2022-04-19,15.4,22.6,22.8
2022-04-20,17.7,0.8,18.1
2022-04-21,16.4,1.8,17.3
2022-04-22,17.2,0.0,15.2
2022-04-23,16.9,0.0,12.2
2022-04-24,17.6,0.0,10.5
2022-04-25,22.4,0.0,11.0
2022-04-26,22.1,0.0,9.4
2022-04-27,20.1,0.6,9.0
2022-04-28,21.5,0.0,20.2
2022-04-29,21.2,14.6,30.1
2022-04-30,17.0,11.0,24.5
2022-05-01,19.2,0.7,19.5
2022-05-02,20.9,0.0,17.4
2022-05-03,19.6,0.0,27.8
2022-05-04,15.8,1.1,20.5
2022-05-05,13.1,1.3,10.5
2022-05-06,14.3,0.1,19.2
2022-05-07,15.6,1.4,26.3
2022-05-08,15.1,0.7,15.6
2022-05-09,15.9,0.9,10.1
2022-05-10,17.3,0.0,10.7
2022-05-11,18.4,0.6,7.6
2022-05-12,18.2,1.2,9.8
2022-05-13,18.0,0.8,10.1
2022-05-14,17.2,1.9,22.9
2022-05-15,20.5,0.1,26.3
2022-05-16,15.8,1.8,20.0
2022-05-17,15.0,0.0,24.3
2022-05-18,14.5,2.1,26.4
2022-05-19,14.6,0.1,19.9
2022-05-20,15.1,0.0,13.4
2022-05-21,13.7,0.0,8.0
2022-05-22,12.3,0.0,7.3
2022-05-23,16.0,0.0,8.6
2022-05-24,19.2,0.0,10.9
2022-05-25,19.1,0.0,13.0
2022-05-26,16.0,14.0,19.8
2022-05-27,15.4,1.8,8.8
2022-05-28,13.9,0.5,8.9
2022-05-29,15.1,1.2,15.8
2022-05-30,11.6,7.5,14.9
2022-05-31,10.3,1.6,27.1
2022-06-01,11.6,9.9,31.1
2022-06-02,12.5,0.0,14.8
2022-06-03,12.1,0.0,26.6
2022-06-04,13.8,0.7,31.8
2022-06-05,11.9,17.5,38.2
2022-06-06,12.0,4.2,28.1
2022-06-07,10.4,4.4,23.1
2022-06-08,11.2,0.0,20.8
2022-06-09,11.3,1.8,24.3
2022-06-10,12.6,4.1,22.5
2022-06-11,12.7,0.6,29.0
2022-06-12,11.1,3.8,23.7
2022-06-13,12.1,3.4,12.5
2022-06-14,12.9,0.0,26.8
2022-06-15,12.4,13.8,34.2
2022-06-16,13.9,8.7,18.1
2022-06-17,13.8,0.8,10.8
2022-06-18,14.7,0.2,9.8
2022-06-19,14.9,0.0,14.0
2022-06-20,16.5,5.9,22.9
2022-06-21,14.3,5.0,19.9
2022-06-22,15.9,5.5,17.7
2022-06-23,15.9,0.0,32.2
2022-06-24,15.4,4.5,33.3
2022-06-25,15.1,0.0,23.3
2022-06-26,12.4,5.2,20.0
2022-06-27,11.6,0.5,15.8
2022-06-28,12.7,0.0,21.5
2022-06-29,11.1,0.0,21.4
2022-06-30,13.1,0.1,13.2
2022-07-01,12.0,1.6,17.3
2022-07-02,10.9,0.2,15.5
2022-07-03,12.2,0.0,19.2
2022-07-04,12.1,0.1,17.1
2022-07-05,13.5,0.1,17.9
2022-07-06,15.3,0.0,12.3
2022-07-07,12.7,0.5,20.0
2022-07-08,11.1,9.4,24.5
2022-07-09,12.2,3.0,14.0
2022-07-10,13.5,0.0,10.1
2022-07-11,13.4,0.0,22.4
2022-07-12,10.5,5.6,10.8
2022-07-13,11.6,6.3,22.9
2022-07-14,12.3,0.0,10.9
2022-07-15,14.6,0.0,17.6
2022-07-16,12.1,4.6,40.3
2022-07-17,14.3,5.4,35.9
2022-07-18,10.2,1.6,21.0
2022-07-19,12.4,0.0,13.9
2022-07-20,10.3,0.0,7.6
2022-07-21,13.1,0.0,7.9
2022-07-22,17.4,0.0,10.7
2022-07-23,13.9,8.1,18.6
2022-07-24,17.0,1.9,17.4
2022-07-25,15.6,13.1,25.1
2022-07-26,11.6,0.3,27.1
2022-07-27,15.2,2.0,14.0
2022-07-28,12.1,1.3,13.5
2022-07-29,12.2,0.1,10.6
2022-07-30,12.1,0.0,27.0
2022-07-31,13.5,1.7,34.6
2022-08-01,14.1,0.1,30.8
2022-08-02,14.9,0.0,40.6
2022-08-03,17.9,6.2,47.9
2022-08-04,17.5,0.5,28.6
2022-08-05,13.5,4.2,22.3
2022-08-06,13.1,2.2,7.8
2022-08-07,13.6,1.1,8.9
2022-08-08,12.9,0.0,10.9
2022-08-09,12.2,0.0,10.1
2022-08-10,14.1,0.0,23.3
2022-08-11,14.2,4.7,29.9
2022-08-12,14.1,1.3,21.4
2022-08-13,13.9,1.9,9.7
2022-08-14,13.2,0.5,26.6
2022-08-15,14.5,0.5,27.8
2022-08-16,12.9,4.3,23.8
2022-08-17,14.1,1.6,33.4
2022-08-18,13.6,7.4,40.7
2022-08-19,14.9,1.9,22.1
2022-08-20,12.2,7.7,22.0
2022-08-21,14.6,0.0,21.6
2022-08-22,16.8,19.1,33.4
2022-08-23,11.2,2.9,22.2
2022-08-24,12.0,3.0,21.6
2022-08-25,13.6,1.9,19.6
2022-08-26,13.8,1.2,9.0
2022-08-27,18.2,0.1,13.7
2022-08-28,18.8,0.0,22.7
2022-08-29,15.9,10.1,30.1
2022-08-30,14.2,6.2,24.5
2022-08-31,16.0,0.0,12.6
2022-09-01,15.1,1.1,18.4
2022-09-02,11.8,1.2,24.5
2022-09-03,13.2,1.7,17.4
2022-09-04,12.2,0.5,17.4
2022-09-05,14.6,0.0,15.8
2022-09-06,16.1,0.0,9.0
2022-09-07,18.8,0.0,16.0
2022-09-08,17.0,8.7,23.5
2022-09-09,19.0,0.1,21.7
2022-09-10,14.9,6.6,23.5
2022-09-11,15.7,3.9,22.4
2022-09-12,12.3,1.3,21.0
2022-09-13,12.7,0.7,11.4
2022-09-14,16.7,1.2,28.9
2022-09-15,15.7,3.5,23.5
2022-09-16,16.9,2.1,28.9
2022-09-17,13.3,1.9,33.6
2022-09-18,14.9,18.2,19.1
2022-09-19,15.3,1.0,18.0
2022-09-20,18.5,0.0,23.5
2022-09-21,17.5,0.4,8.4
2022-09-22,17.6,0.0,13.5
2022-09-23,16.4,5.5,20.2
2022-09-24,13.9,0.9,21.9
2022-09-25,17.8,0.0,12.9
2022-09-26,15.2,4.0,16.9
2022-09-27,16.0,21.9,21.9
2022-09-28,14.8,1.6,29.5
2022-09-29,14.8,0.8,20.6
2022-09-30,18.8,0.5,20.6
2022-10-01,17.9,0.0,13.7
2022-10-02,16.8,0.0,14.0
2022-10-03,19.8,0.0,11.2
2022-10-04,15.6,0.0,17.5
2022-10-05,14.9,10.1,18.0
2022-10-06,20.4,11.7,28.0
2022-10-07,19.5,8.5,17.7
2022-10-08,13.9,1.7,18.0
2022-10-09,13.4,0.4,15.7
2022-10-10,16.6,0.0,11.5
2022-10-11,20.8,0.0,27.5
2022-10-12,17.8,8.9,30.8
2022-10-13,17.1,39.9,30.5
2022-10-14,17.5,4.1,27.4
2022-10-15,18.0,0.9,15.2
2022-10-16,15.9,2.1,17.2
2022-10-17,15.9,0.0,17.9
2022-10-18,19.6,0.0,10.5
2022-10-19,21.1,0.0,19.0
2022-10-20,19.7,0.0,19.0
2022-10-21,23.7,14.0,9.5
2022-10-22,18.6,12.3,18.9
2022-10-23,19.5,0.9,25.5
2022-10-24,20.9,19.5,26.0
2022-10-25,21.6,26.6,9.3
2022-10-26,18.2,12.7,16.3
2022-10-27,16.9,14.7,18.9
2022-10-28,12.9,4.4,24.6
2022-10-29,17.1,3.4,23.8
2022-10-30,20.3,1.9,42.6
2022-10-31,20.2,14.5,43.5
2022-11-01,12.9,10.5,22.9
2022-11-02,13.6,2.6,26.6
2022-11-03,14.9,1.7,19.1
2022-11-04,17.0,0.8,14.2
2022-11-05,22.3,0.1,16.2
2022-11-06,24.4,0.2,13.7
2022-11-07,25.1,7.8,10.0
2022-11-08,26.4,0.0,17.3
2022-11-09,27.5,0.3,16.1
2022-11-10,24.8,3.2,29.2
2022-11-11,20.1,4.4,20.0
2022-11-12,18.8,4.1,13.4
2022-11-13,24.5,30.9,23.1
2022-11-14,16.1,33.0,31.6
2022-11-15,12.5,4.7,24.5
2022-11-16,13.1,6.0,26.6
2022-11-17,15.1,4.4,18.4
2022-11-18,22.4,0.0,11.2
2022-11-19,20.8,14.4,39.3
2022-11-20,18.8,5.8,29.8
2022-11-21,12.8,7.1,36.5
2022-11-22,15.9,0.7,28.4
2022-11-23,17.0,1.0,22.1
2022-11-24,16.9,0.9,16.6
2022-11-25,17.8,0.1,12.3
2022-11-26,26.0,1.3,28.3
2022-11-27,19.9,2.6,22.9
2022-11-28,17.8,0.6,17.7
2022-11-29,17.5,0.4,20.0
2022-11-30,18.5,0.1,20.3
2022-12-01,18.2,1.1,22.6
2022-12-02,21.5,0.0,16.1
2022-12-03,30.1,0.0,17.3
2022-12-04,32.9,0.0,21.1
2022-12-05,19.4,6.1,35.9
2022-12-06,19.5,3.6,18.4
2022-12-07,18.5,0.6,28.7
2022-12-08,14.4,0.5,30.6
2022-12-09,17.2,0.0,21.7
2022-12-10,25.2,0.0,9.7
2022-12-11,27.5,13.3,38.2
2022-12-12,17.0,18.9,35.2
2022-12-13,19.0,3.1,27.3
2022-12-14,14.5,4.7,35.6
2022-12-15,15.3,3.4,25.2
2022-12-16,18.2,0.5,26.3
2022-12-17,21.0,0.0,24.3
2022-12-18,22.4,0.0,21.1
2022-12-19,23.7,0.0,17.2
2022-12-20,26.2,0.0,13.8
2022-12-21,28.4,0.0,12.3
2022-12-22,25.0,6.3,11.8
2022-12-23,22.4,0.3,18.1
2022-12-24,22.0,0.3,20.3
2022-12-25,30.6,0.0,20.6
2022-12-26,28.9,0.0,16.3
2022-12-27,35.7,0.1,19.5
2022-12-28,28.6,10.6,35.6
2022-12-29,20.4,0.2,24.1
2022-12-30,25.4,0.0,18.9
2022-12-31,29.7,0.0,15.1
2023-01-01,34.4,0.0,23.7
2023-01-02,29.8,10.7,36.7
2023-01-03,19.6,1.0,24.2
2023-01-04,16.2,2.4,33.8
2023-01-05,21.0,0.6,25.1
2023-01-06,24.7,0.0,21.9
2023-01-07,28.6,0.0,13.7
2023-01-08,30.9,0.0,10.6
2023-01-09,26.0,0.0,25.6
2023-01-10,23.5,0.0,22.6
2023-01-11,31.8,0.0,20.0
2023-01-12,24.8,0.0,20.1
2023-01-13,26.3,0.2,19.5
2023-01-14,36.2,0.0,27.2
2023-01-15,23.4,0.5,24.9
2023-01-16,28.9,0.0,14.8
2023-01-17,36.2,0.3,23.1
2023-01-18,22.4,8.3,27.7
2023-01-19,17.9,0.1,27.0
2023-01-20,21.6,0.0,22.5
2023-01-21,23.5,0.0,21.1
2023-01-22,24.5,0.0,20.8
2023-01-23,27.0,0.0,13.8
2023-01-24,26.6,7.0,24.0
2023-01-25,30.1,0.1,25.0
2023-01-26,21.4,0.7,24.0
2023-01-27,27.4,0.0,12.1
2023-01-28,34.8,0.0,22.0
2023-01-29,23.5,2.0,17.0
2023-01-30,22.5,0.1,25.1
2023-01-31,22.6,0.1,19.2
2023-02-01,21.4,0.3,23.6
2023-02-02,21.2,7.0,35.5
2023-02-03,18.9,2.2,30.1
2023-02-04,20.8,9.1,27.1
2023-02-05,20.9,0.2,16.4
2023-02-06,20.6,0.6,17.3
2023-02-07,20.3,1.5,21.3
2023-02-08,22.0,0.0,20.2
2023-02-09,26.9,0.0,16.8
2023-02-10,26.0,0.0,15.9
2023-02-11,27.5,0.0,25.9
2023-02-12,20.0,0.1,27.8
2023-02-13,19.8,0.2,23.9
2023-02-14,22.5,0.0,20.5
2023-02-15,32.7,0.0,21.6
2023-02-16,37.3,0.0,25.3
2023-02-17,40.2,0.0,31.9
2023-02-18,23.3,0.0,20.9
2023-02-19,27.6,0.0,21.0
2023-02-20,25.6,0.0,22.3
2023-02-21,21.6,0.2,26.3
2023-02-22,30.8,0.0,23.4
2023-02-23,32.0,0.0,25.4
2023-02-24,32.5,0.0,27.4
2023-02-25,29.1,1.2,27.5
2023-02-26,24.2,2.3,21.0
2023-02-27,19.8,5.7,21.8
2023-02-28,17.9,0.5,19.4
2023-03-01,20.9,0.9,17.6
2023-03-02,21.0,0.1,19.4
2023-03-03,20.6,0.2,23.7
2023-03-04,31.4,0.0,20.2
2023-03-05,33.4,6.8,29.9
2023-03-06,24.9,2.5,24.7
2023-03-07,22.1,0.6,29.7
2023-03-08,18.1,1.3,23.4
2023-03-09,21.5,0.0,21.1
2023-03-10,22.9,0.0,16.1
2023-03-11,23.9,0.0,20.9
2023-03-12,20.0,0.3,23.1
2023-03-13,22.4,0.0,15.4
2023-03-14,29.3,0.0,16.3
2023-03-15,25.4,0.0,13.3
2023-03-16,28.8,0.2,28.8
2023-03-17,23.8,0.4,19.8
2023-03-18,36.7,0.0,37.4
2023-03-19,19.2,0.5,20.3
2023-03-20,20.1,0.0,26.1
2023-03-21,21.0,4.3,9.4
2023-03-22,22.5,0.2,17.4
2023-03-23,22.8,0.0,14.6
2023-03-24,20.2,0.0,23.0
2023-03-25,20.5,0.0,22.8
2023-03-26,18.0,0.0,10.6
2023-03-27,20.2,8.3,13.4
2023-03-28,21.4,2.4,15.1
2023-03-29,18.2,10.8,25.0
2023-03-30,18.1,0.5,22.6
2023-03-31,19.1,4.4,20.1
2023-04-01,15.6,1.8,22.1
2023-04-02,18.6,0.0,19.2
2023-04-03,23.9,0.2,11.2
2023-04-04,24.7,0.0,19.5
2023-04-05,19.3,0.0,15.4
2023-04-06,25.2,2.5,21.3
2023-04-07,19.3,5.1,19.1
2023-04-08,17.5,1.8,28.5
2023-04-09,13.9,3.6,31.2
2023-04-10,15.2,7.9,24.5
2023-04-11,18.9,0.9,12.0
2023-04-12,17.9,10.2,23.4
2023-04-13,20.6,0.5,16.1
2023-04-14,23.5,0.0,16.0
2023-04-15,19.8,16.1,27.8
2023-04-16,16.6,19.2,23.0
2023-04-17,20.0,1.9,14.6
2023-04-18,22.5,0.1,18.2
2023-04-19,16.9,4.9,20.8
2023-04-20,17.8,0.3,10.1
2023-04-21,19.2,0.5,7.9
2023-04-22,19.2,0.4,11.7
2023-04-23,19.1,0.3,14.1
2023-04-24,23.3,0.0,17.9
2023-04-25,24.0,0.0,13.0
2023-04-26,23.5,0.0,20.9
2023-04-27,21.2,3.1,35.1
2023-04-28,20.9,4.6,28.8
2023-04-29,15.1,0.2,11.1
2023-04-30,15.4,0.0,11.7
2023-05-01,16.3,0.0,9.5
2023-05-02,19.3,3.9,18.9
2023-05-03,14.1,15.2,38.2
2023-05-04,15.6,0.5,10.6
2023-05-05,17.2,4.3,27.0
2023-05-06,12.3,11.3,18.2
2023-05-07,11.1,11.9,24.7
2023-05-08,13.7,2.4,20.9
2023-05-09,14.6,3.8,25.4
2023-05-10,14.9,1.5,15.0
2023-05-11,16.6,0.0,21.6
2023-05-12,17.4,0.0,13.3
2023-05-13,15.2,0.0,8.3
2023-05-14,19.2,0.0,17.3
2023-05-15,19.6,0.0,22.3
2023-05-16,13.1,2.8,23.3
2023-05-17,14.0,0.0,13.6
2023-05-18,12.2,0.5,10.8
2023-05-19,14.9,1.8,14.8
2023-05-20,13.9,7.7,21.1
2023-05-21,13.7,4.0,26.7
2023-05-22,15.7,0.0,12.6
2023-05-23,15.9,0.0,16.9
2023-05-24,15.2,0.0,30.2
2023-05-25,13.8,9.7,35.7
2023-05-26,12.9,0.0,19.7
2023-05-27,15.1,0.0,22.2
2023-05-28,15.4,10.4,23.8
2023-05-29,15.8,0.2,22.0
2023-05-30,17.2,0.1,20.7
2023-05-31,16.0,0.1,29.8
2023-06-01,15.8,3.8,24.9
2023-06-02,13.8,0.0,12.6
2023-06-03,14.9,4.7,11.9
2023-06-04,17.2,0.0,11.5
2023-06-05,19.5,1.3,16.6
2023-06-06,16.8,0.0,24.6
2023-06-07,17.6,10.7,29.0
2023-06-08,16.0,13.2,27.0
2023-06-09,14.0,4.8,26.5
2023-06-10,15.4,0.0,26.5
2023-06-11,15.7,0.3,16.6
2023-06-12,13.9,0.0,22.7
2023-06-13,13.4,1.5,25.9
2023-06-14,13.9,3.9,19.4
2023-06-15,15.4,0.4,23.5
2023-06-16,15.2,0.0,30.6
2023-06-17,14.3,3.1,35.3
2023-06-18,13.6,0.7,30.1
2023-06-19,11.2,10.7,30.9
2023-06-20,11.2,0.2,11.2
2023-06-21,10.8,0.0,18.0
2023-06-22,13.1,2.1,19.2
2023-06-23,9.9,2.2,20.7
2023-06-24,13.5,2.0,33.1
2023-06-25,12.1,4.7,35.3
2023-06-26,14.3,0.2,25.4
2023-06-27,14.1,0.0,22.7
2023-06-28,11.9,3.4,23.8
2023-06-29,11.9,0.0,24.5
2023-06-30,13.8,0.5,20.6
2023-07-01,12.1,1.6,20.0
2023-07-02,11.8,0.5,11.4
2023-07-03,14.2,0.0,10.5
2023-07-04,12.2,11.4,13.3
2023-07-05,14.0,0.9,17.3
2023-07-06,13.9,1.8,26.1
2023-07-07,14.4,0.5,28.4
2023-07-08,13.3,2.0,37.4
2023-07-09,15.1,1.8,27.5
2023-07-10,16.2,0.0,22.9
2023-07-11,16.6,1.0,23.3
2023-07-12,16.6,0.0,18.8
2023-07-13,14.7,0.0,29.2
2023-07-14,13.6,0.0,34.3
2023-07-15,12.5,0.9,29.6
2023-07-16,14.3,0.0,10.0
2023-07-17,14.9,0.0,18.7
2023-07-18,12.6,0.3,25.8
2023-07-19,12.4,0.0,16.0
2023-07-20,12.1,2.1,35.0
2023-07-21,12.8,0.1,14.8
2023-07-22,14.3,0.0,11.4
2023-07-23,12.1,0.9,18.2
2023-07-24,13.4,0.2,9.4
2023-07-25,14.2,0.0,9.2
2023-07-26,14.4,0.0,15.2
2023-07-27,15.4,0.1,31.0
2023-07-28,17.4,1.3,31.3
2023-07-29,17.5,0.0,23.1
2023-07-30,16.5,2.2,30.9
2023-07-31,15.6,0.0,22.4
2023-08-01,14.2,0.9,15.4
2023-08-02,16.0,0.0,24.5
2023-08-03,17.6,0.0,32.1
2023-08-04,16.4,7.6,40.2
2023-08-05,12.7,0.2,15.3
2023-08-06,12.9,0.5,10.1
2023-08-07,12.9,0.0,10.2
2023-08-08,12.8,0.0,8.6
2023-08-09,16.8,0.0,37.1
2023-08-10,14.0,4.5,32.4
2023-08-11,15.2,0.0,16.4
2023-08-12,15.0,4.8,16.3
2023-08-13,12.2,0.7,10.3
2023-08-14,11.4,0.0,12.5
2023-08-15,12.4,0.1,9.2
2023-08-16,13.9,0.0,21.6
2023-08-17,12.9,1.7,27.2
2023-08-18,11.6,9.1,28.2
2023-08-19,16.0,1.3,23.2
2023-08-20,18.2,0.0,18.3
2023-08-21,16.2,0.6,31.0
2023-08-22,14.1,10.4,25.2
2023-08-23,16.5,0.0,15.7
2023-08-24,17.1,0.0,23.2
2023-08-25,19.4,0.0,23.4
2023-08-26,14.6,0.0,14.2
2023-08-27,14.2,0.5,9.5
2023-08-28,16.7,0.5,14.4
2023-08-29,19.4,1.8,33.9
2023-08-30,16.0,8.9,32.8
2023-08-31,14.3,1.5,21.6
2023-09-01,13.9,0.4,17.7
2023-09-02,16.2,0.0,9.7
2023-09-03,18.7,0.0,19.1
2023-09-04,21.0,4.1,30.2
2023-09-05,13.6,1.9,27.2
2023-09-06,18.0,0.0,32.2
2023-09-07,20.6,1.8,34.8
2023-09-08,10.6,0.9,40.8
2023-09-09,14.0,0.6,24.2
2023-09-10,14.7,0.6,14.1
2023-09-11,15.4,0.2,8.4
2023-09-12,22.0,0.0,15.9
2023-09-13,22.3,0.0,11.5
2023-09-14,22.8,0.0,32.5
2023-09-15,23.0,0.0,33.5
2023-09-16,22.9,0.0,26.6
2023-09-17,22.5,0.0,12.9
2023-09-18,18.0,1.6,15.5
2023-09-19,26.2,0.4,25.0
2023-09-20,16.7,8.2,25.9
2023-09-21,14.1,1.4,19.0
2023-09-22,14.2,0.2,14.8
2023-09-23,16.4,0.0,12.2
2023-09-24,22.6,0.0,21.3
2023-09-25,21.5,0.1,27.8
2023-09-26,16.5,0.0,16.4
2023-09-27,16.8,0.1,23.9
2023-09-28,18.5,0.0,9.2
2023-09-29,27.5,0.0,16.6
2023-09-30,26.9,0.0,29.0
2023-10-01,21.2,0.0,42.6
2023-10-02,26.5,0.0,32.3
2023-10-03,23.5,38.4,41.5
2023-10-04,12.8,14.3,26.7
2023-10-05,16.4,2.2,25.5
2023-10-06,14.0,1.1,23.6
2023-10-07,13.6,0.0,18.2
2023-10-08,15.4,0.0,15.9
2023-10-09,15.1,0.0,18.8
2023-10-10,15.9,0.4,11.9
2023-10-11,23.9,0.0,32.5
2023-10-12,19.5,16.0,32.9
2023-10-13,15.5,2.6,22.9
2023-10-14,17.1,0.9,28.8
2023-10-15,16.5,4.5,20.1
2023-10-16,13.9,4.3,36.4
2023-10-17,15.6,0.1,18.8
2023-10-18,22.6,0.0,20.2
2023-10-19,24.9,0.0,13.3
2023-10-20,27.8,0.0,14.1
2023-10-21,23.1,0.7,27.7
2023-10-22,15.1,1.3,34.3
2023-10-23,16.8,0.0,17.0
2023-10-24,24.1,1.1,35.3
2023-10-25,12.8,6.9,25.0
2023-10-26,13.9,3.0,31.2
2023-10-27,19.6,0.0,19.5
2023-10-28,22.1,0.0,32.3
2023-10-29,20.6,0.0,18.3
2023-10-30,22.2,4.7,31.0
2023-10-31,15.9,0.3,31.7
2023-11-01,15.1,0.4,20.6
2023-11-02,15.4,0.5,19.5
2023-11-03,15.3,0.8,20.8
2023-11-04,17.5,0.0,27.9
2023-11-05,22.4,0.0,17.8
2023-11-06,28.0,0.2,24.1
2023-11-07,29.0,0.4,25.6
2023-11-08,29.6,0.4,24.6
2023-11-09,21.0,0.0,15.9
2023-11-10,31.4,0.0,25.8
2023-11-11,25.0,1.5,37.1
2023-11-12,19.4,0.0,29.1
2023-11-13,18.7,0.0,18.5
2023-11-14,15.9,0.4,15.7
2023-11-15,18.0,1.3,19.7
2023-11-16,16.8,1.6,28.7
2023-11-17,17.0,0.1,19.9
2023-11-18,19.2,0.0,18.0
2023-11-19,21.3,0.0,21.0
2023-11-20,18.9,0.0,20.1
2023-11-21,19.2,0.1,21.6
2023-11-22,18.9,0.0,27.7
2023-11-23,23.8,0.3,19.6
2023-11-24,28.4,11.9,22.5
2023-11-25,26.4,12.3,23.5
2023-11-26,18.2,4.4,21.3
2023-11-27,17.5,3.0,18.8
2023-11-28,23.1,0.0,16.7
2023-11-29,19.4,8.6,32.8
2023-11-30,18.1,7.8,26.3
2023-12-01,21.5,3.2,21.3
2023-12-02,15.9,29.0,26.2
2023-12-03,21.3,1.1,24.3
2023-12-04,30.5,0.0,22.0
2023-12-05,24.6,0.0,20.6
2023-12-06,21.5,0.1,15.6
2023-12-07,23.0,0.0,17.7
2023-12-08,32.9,0.6,44.7
2023-12-09,18.1,21.3,22.4
2023-12-10,20.0,0.6,17.2
2023-12-11,20.3,13.1,15.9
2023-12-12,31.7,1.0,12.7
2023-12-13,33.8,3.5,27.9
2023-12-14,23.8,9.0,22.1
2023-12-15,21.7,0.1,21.6
2023-12-16,22.2,0.7,21.7
2023-12-17,23.0,0.0,19.1
2023-12-18,25.3,0.7,23.0
2023-12-19,18.0,5.4,31.0
2023-12-20,19.9,0.4,29.0
2023-12-21,24.9,0.0,25.7
2023-12-22,23.4,0.0,23.8
2023-12-23,22.9,0.0,23.7
2023-12-24,23.2,5.0,29.8
2023-12-25,21.4,38.4,25.9
2023-12-26,23.6,11.8,16.7
2023-12-27,23.1,0.9,23.5
2023-12-28,18.8,0.9,22.0
2023-12-29,19.0,1.7,22.9
2023-12-30,17.1,0.9,27.6
2023-12-31,20.0,0.0,22.7
2024-01-01,23.0,0.0,22.2
2024-01-02,26.1,0.1,19.1
2024-01-03,26.3,3.9,17.1
2024-01-04,22.0,0.1,21.7
2024-01-05,25.6,0.0,13.8
2024-01-06,30.7,0.0,13.8
2024-01-07,23.7,39.5,26.2
2024-01-08,20.1,27.0,24.5
2024-01-09,23.5,0.0,18.1
2024-01-10,25.6,0.0,24.4
2024-01-11,22.2,0.3,24.2
2024-01-12,31.9,0.0,20.5
2024-01-13,21.3,3.1,22.5
2024-01-14,21.8,0.0,30.5
2024-01-15,28.4,0.0,15.3
2024-01-16,30.0,5.4,27.0
2024-01-17,23.5,33.8,23.8
2024-01-18,21.9,0.1,31.7
2024-01-19,19.8,0.0,19.2
2024-01-20,25.8,0.0,26.0
2024-01-21,19.9,0.7,26.1
2024-01-22,19.2,0.0,21.7
2024-01-23,29.8,0.0,18.6
2024-01-24,29.4,0.4,39.4
2024-01-25,22.4,25.9,9.7
2024-01-26,22.5,1.0,28.1
2024-01-27,24.2,0.0,25.8
2024-01-28,23.6,0.0,12.8
2024-01-29,27.3,0.0,27.4
2024-01-30,23.9,0.0,26.9
2024-01-31,20.6,0.1,22.4
2024-02-01,25.1,0.0,22.1
2024-02-02,21.5,0.0,24.3
2024-02-03,30.5,0.0,18.1
2024-02-04,36.6,0.0,29.9
2024-02-05,21.8,0.8,23.4
2024-02-06,20.1,1.0,23.8
2024-02-07,21.9,0.0,25.8
2024-02-08,22.8,0.0,23.0
2024-02-09,20.9,0.8,22.9
2024-02-10,26.1,0.1,20.5
2024-02-11,32.0,0.0,26.1
2024-02-12,35.4,0.0,29.6
2024-02-13,35.1,4.8,39.0
2024-02-14,18.8,0.5,25.8
2024-02-15,20.6,0.0,22.6
2024-02-16,23.0,0.0,23.1
2024-02-17,23.2,0.0,20.2
2024-02-18,22.2,0.1,21.6
2024-02-19,22.1,0.0,22.9
2024-02-20,30.0,0.0,18.3
2024-02-21,33.0,0.0,24.9
2024-02-22,37.3,1.3,35.7
2024-02-23,21.3,0.5,28.0
2024-02-24,20.8,0.0,21.1
2024-02-25,31.0,0.0,24.3
2024-02-26,20.0,0.3,24.0
2024-02-27,29.1,0.0,9.8
2024-02-28,34.0,0.0,30.9
2024-02-29,25.5,0.0,21.0
2024-03-01,26.6,0.0,27.9
2024-03-02,20.4,1.0,23.9
2024-03-03,19.9,0.4,31.4
2024-03-04,20.3,0.0,22.6
2024-03-05,30.9,0.0,22.3
2024-03-06,26.0,0.0,23.0
2024-03-07,21.7,0.2,23.0
2024-03-08,26.5,0.0,15.2
2024-03-09,37.7,0.0,34.3
2024-03-10,36.0,0.0,27.7
2024-03-11,34.6,0.0,24.1
2024-03-12,25.5,0.1,20.0
2024-03-13,19.5,15.0,14.0
2024-03-14,21.6,1.1,27.9
2024-03-15,26.9,0.0,17.9
2024-03-16,28.8,0.0,19.5
2024-03-17,28.9,0.0,19.7
2024-03-18,30.2,0.0,20.6
2024-03-19,28.5,0.3,36.7
2024-03-20,17.4,0.1,29.1
2024-03-21,19.5,0.0,19.4
2024-03-22,21.0,0.0,24.4
2024-03-23,19.4,0.4,21.7
2024-03-24,22.6,0.0,20.6
2024-03-25,23.1,0.0,18.9
2024-03-26,21.5,0.2,18.2
2024-03-27,20.5,1.3,23.9
2024-03-28,19.4,0.3,17.0
2024-03-29,27.6,0.0,15.5
2024-03-30,22.5,0.0,14.8
2024-03-31,21.5,0.0,11.2
2024-04-01,27.3,19.1,27.4
2024-04-02,20.0,27.0,27.7
2024-04-03,16.1,1.2,15.9
2024-04-04,17.9,0.0,16.0
2024-04-05,19.1,0.0,22.7
2024-04-06,19.2,1.1,14.8
2024-04-07,19.6,10.8,15.2
2024-04-08,19.7,9.1,23.3
2024-04-09,14.8,8.2,26.6
2024-04-10,16.8,0.3,20.5
2024-04-11,17.2,2.0,16.9
2024-04-12,16.9,0.7,9.1
2024-04-13,17.8,0.0,9.5
2024-04-14,18.4,0.0,8.6
2024-04-15,19.6,0.2,11.2
2024-04-16,17.2,0.6,13.0
2024-04-17,16.5,0.8,17.0
2024-04-18,16.5,1.3,19.4
2024-04-19,16.5,3.1,22.3
2024-04-20,15.9,0.0,16.0
2024-04-21,15.9,0.0,9.2
2024-04-22,22.1,0.0,21.0
2024-04-23,22.8,0.9,28.9
2024-04-24,14.8,2.9,24.6
2024-04-25,15.4,0.3,22.5
2024-04-26,15.9,0.2,15.9
2024-04-27,17.5,0.2,11.4
2024-04-28,20.8,0.0,21.6
2024-04-29,15.9,2.1,19.2
2024-04-30,14.9,0.5,22.0
2024-05-01,18.0,0.0,20.2
2024-05-02,15.8,0.0,10.1
2024-05-03,15.6,0.0,10.4
2024-05-04,14.9,0.0,9.6
2024-05-05,16.5,0.0,16.5
2024-05-06,18.4,0.1,15.5
2024-05-07,16.1,0.0,10.5
2024-05-08,18.2,0.0,8.4
2024-05-09,16.1,2.1,7.3
2024-05-10,16.9,8.9,9.5
2024-05-11,18.5,0.5,14.3
2024-05-12,17.2,0.0,6.5
2024-05-13,19.0,0.0,16.0
2024-05-14,15.8,0.0,12.0
2024-05-15,15.7,0.0,7.6
2024-05-16,17.6,0.0,7.6
2024-05-17,15.6,2.2,23.9
2024-05-18,13.1,0.2,22.8
2024-05-19,14.2,1.6,21.6
2024-05-20,13.6,5.2,16.7
2024-05-21,13.9,3.4,13.7
2024-05-22,15.2,0.1,8.6
2024-05-23,14.5,0.2,9.5
2024-05-24,14.2,0.0,8.8
2024-05-25,15.3,0.0,9.0
2024-05-26,15.4,0.0,8.2
2024-05-27,17.5,0.0,13.1
2024-05-28,17.6,0.0,18.8
2024-05-29,18.0,0.0,30.8
2024-05-30,19.0,15.1,39.6
2024-05-31,16.5,0.4,27.8
2024-06-01,12.9,1.2,13.4
2024-06-02,12.9,1.2,20.7
2024-06-03,12.2,0.5,17.6
2024-06-04,12.9,0.0,9.0
2024-06-05,13.9,0.3,18.8
2024-06-06,15.2,0.0,15.1
2024-06-07,15.1,0.1,16.9
2024-06-08,13.4,0.6,8.8
2024-06-09,12.3,3.0,12.1
2024-06-10,13.9,0.4,29.2
2024-06-11,14.8,10.6,43.4
2024-06-12,11.9,3.2,30.3
2024-06-13,10.8,0.3,11.5
2024-06-14,12.2,0.1,7.2
2024-06-15,13.1,0.1,17.7
2024-06-16,12.6,1.0,29.2
2024-06-17,12.7,0.0,12.0
2024-06-18,11.7,0.0,9.4
2024-06-19,11.4,0.0,12.1
2024-06-20,11.8,0.0,12.9
2024-06-21,12.9,0.2,15.4
2024-06-22,12.4,0.5,12.0
2024-06-23,13.4,0.0,16.7
2024-06-24,12.3,0.0,25.5
2024-06-25,14.6,0.0,24.3
2024-06-26,13.8,1.3,25.8
2024-06-27,14.6,0.8,17.8
2024-06-28,14.9,0.0,33.8
2024-06-29,13.8,8.0,36.7
2024-06-30,10.9,2.5,23.0
2024-07-01,11.4,0.4,16.6
2024-07-02,10.9,0.0,11.4
2024-07-03,9.6,0.0,11.3
2024-07-04,10.8,0.0,12.2
2024-07-05,11.5,0.1,15.1
2024-07-06,10.6,0.0,11.0
2024-07-07,15.3,0.0,10.6
2024-07-08,15.9,2.8,19.9
2024-07-09,12.1,13.5,20.0
2024-07-10,13.4,0.1,26.3
2024-07-11,11.8,1.9,30.5
2024-07-12,13.8,4.3,19.1
2024-07-13,12.2,3.9,17.2
2024-07-14,10.4,7.2,21.4
2024-07-15,9.9,15.0,33.5
2024-07-16,13.2,11.2,33.8
2024-07-17,12.6,5.1,18.9
2024-07-18,11.4,0.5,17.7
2024-07-19,10.4,3.3,40.3
2024-07-20,11.4,7.3,35.8
2024-07-21,14.4,0.0,20.3
2024-07-22,16.1,7.2,26.1
2024-07-23,15.6,0.0,26.4
2024-07-24,14.8,0.0,33.9
2024-07-25,12.3,3.0,37.0
2024-07-26,13.2,0.0,36.8
2024-07-27,12.2,6.7,32.0
2024-07-28,11.0,1.7,29.3
2024-07-29,10.6,4.0,15.4
2024-07-30,12.0,0.0,11.2
2024-07-31,9.5,0.0,7.5
2024-08-01,14.1,0.0,11.2
2024-08-02,14.1,0.0,23.9
2024-08-03,13.4,0.3,21.0
2024-08-04,13.7,0.0,8.4
2024-08-05,13.9,0.0,11.9
2024-08-06,15.8,0.0,24.0
2024-08-07,17.0,0.0,17.7
2024-08-08,13.4,0.4,32.4
2024-08-09,16.1,0.4,17.7
2024-08-10,15.9,0.2,8.9
2024-08-11,17.6,0.0,10.1
2024-08-12,18.9,0.0,24.2
2024-08-13,18.8,0.0,24.5
2024-08-14,19.6,0.0,22.7
2024-08-15,19.6,0.0,19.6
2024-08-16,15.8,2.9,28.5
2024-08-17,13.0,3.1,16.3
2024-08-18,14.6,0.4,11.8
2024-08-19,17.1,0.9,19.1
2024-08-20,17.6,10.3,28.8
2024-08-21,18.0,4.4,20.3
2024-08-22,17.5,4.8,20.6
2024-08-23,18.0,2.0,37.5
2024-08-24,21.0,0.1,41.0
2024-08-25,22.2,4.5,32.2
2024-08-26,17.0,0.4,24.7
2024-08-27,19.0,0.0,41.1
2024-08-28,19.2,0.3,40.9
2024-08-29,16.2,0.3,42.9
2024-08-30,18.2,2.0,44.0
2024-08-31,17.9,0.0,37.3
2024-09-01,17.8,0.0,40.5
2024-09-02,17.4,5.0,46.2
2024-09-03,15.9,0.1,15.2
2024-09-04,17.9,0.3,35.2
2024-09-05,18.4,12.8,42.5
2024-09-06,23.9,1.8,41.8
2024-09-07,18.3,0.0,20.3
2024-09-08,16.5,0.5,33.2
2024-09-09,16.5,0.1,22.0
2024-09-10,19.4,0.0,20.2
2024-09-11,19.6,7.5,23.6
2024-09-12,13.4,0.4,25.3
2024-09-13,16.2,0.5,14.5
2024-09-14,10.4,5.0,30.7
2024-09-15,11.9,0.1,23.9
2024-09-16,12.1,0.8,26.6
2024-09-17,15.2,0.0,16.9
2024-09-18,18.8,0.3,30.8
2024-09-19,15.6,4.3,32.3
2024-09-20,16.6,8.2,30.7
2024-09-21,15.8,0.9,25.2
2024-09-22,18.5,0.0,27.3
2024-09-23,18.3,0.2,23.0
2024-09-24,22.9,1.4,23.0
2024-09-25,15.4,8.9,22.4
2024-09-26,12.6,0.2,25.6
2024-09-27,15.1,0.0,11.3
2024-09-28,20.4,0.0,25.8
2024-09-29,16.1,2.3,38.8
2024-09-30,18.4,0.0,15.2
2024-10-01,17.5,1.3,20.9
2024-10-02,15.4,0.0,14.6
2024-10-03,24.6,0.0,22.1
2024-10-04,22.8,10.1,35.7
2024-10-05,19.1,9.6,24.0
2024-10-06,19.0,2.4,25.6
2024-10-07,17.4,1.4,27.6
2024-10-08,13.3,0.2,22.9
2024-10-09,17.8,0.0,13.3
2024-10-10,19.1,0.0,34.6
2024-10-11,16.5,0.0,19.9
2024-10-12,16.5,0.1,19.5
2024-10-13,22.9,0.0,32.3
2024-10-14,19.0,0.1,23.1
2024-10-15,26.0,0.5,10.7
2024-10-16,24.5,0.6,25.5
2024-10-17,25.5,4.0,26.0
2024-10-18,21.6,29.5,26.8
2024-10-19,15.6,3.4,25.0
2024-10-20,16.9,0.4,23.7
2024-10-21,24.5,0.0,12.1
2024-10-22,28.0,0.0,25.1
2024-10-23,19.8,0.2,30.1
2024-10-24,16.7,0.0,23.8
2024-10-25,14.4,0.8,21.2
2024-10-26,21.2,0.0,18.9
2024-10-27,25.7,0.1,23.1
2024-10-28,16.5,0.0,23.5
2024-10-29,18.0,0.0,18.5
2024-10-30,19.2,0.0,20.1
2024-10-31,18.4,0.6,23.2
2024-11-01,16.1,0.3,20.5
2024-11-02,25.1,0.0,34.0
2024-11-03,22.4,1.9,44.2
2024-11-04,18.0,0.2,17.8
2024-11-05,25.6,0.0,14.9
2024-11-06,33.4,0.9,38.4
2024-11-07,21.1,0.5,14.8
2024-11-08,19.4,1.0,28.5
2024-11-09,19.7,0.0,10.7
2024-11-10,19.7,0.2,18.2
2024-11-11,23.5,0.0,20.4
2024-11-12,26.1,4.8,16.1
2024-11-13,19.0,7.1,20.7
2024-11-14,16.0,0.0,16.2
2024-11-15,19.4,0.0,11.3
2024-11-16,33.0,0.0,23.5
2024-11-17,28.5,3.0,29.4
2024-11-18,19.7,0.3,20.9
2024-11-19,16.7,0.5,16.7
2024-11-20,18.4,0.0,17.5
2024-11-21,27.7,0.0,15.5
2024-11-22,36.0,0.0,15.3
2024-11-23,37.4,1.0,21.3
2024-11-24,22.5,18.4,12.7
2024-11-25,18.9,5.9,10.6
2024-11-26,22.6,11.7,12.6
2024-11-27,25.9,12.5,24.7
2024-11-28,22.0,0.3,16.4
2024-11-29,27.1,0.0,16.4
2024-11-30,23.3,5.6,11.9
2024-12-01,23.5,2.2,20.2
2024-12-02,29.5,1.6,18.6
2024-12-03,28.7,4.5,22.9
2024-12-04,21.0,0.0,12.6
2024-12-05,31.1,0.0,15.8
2024-12-06,30.7,4.3,18.4
2024-12-07,27.3,8.0,19.0
2024-12-08,20.4,0.0,18.4
2024-12-09,22.6,0.0,19.9
2024-12-10,20.0,0.0,16.0
2024-12-11,26.5,0.2,21.6
2024-12-12,25.5,0.0,17.3
2024-12-13,20.6,0.4,15.8
2024-12-14,24.6,0.0,15.2
2024-12-15,31.5,0.0,12.8
2024-12-16,41.5,0.0,28.0
2024-12-17,24.7,4.0,23.9
2024-12-18,21.2,0.3,20.2
2024-12-19,29.8,0.0,13.6
2024-12-20,36.1,0.0,27.9
2024-12-21,20.0,0.9,21.3
2024-12-22,20.3,7.0,24.9
2024-12-23,17.7,1.1,24.8
2024-12-24,21.0,0.0,17.2
2024-12-25,31.5,0.0,14.1
2024-12-26,38.5,1.9,28.3
2024-12-27,22.6,2.6,19.8
2024-12-28,23.3,6.2,16.9
2024-12-29,23.6,0.0,15.2
2024-12-30,26.5,0.0,16.0
2024-12-31,24.2,1.0,18.9
